{"cameraMode":{"drawMode":0,"name":"Shaded","section":"Shading Mode"},"sceneLighting":false,"audioPlay":false,"sceneViewState":{"m_AlwaysRefresh":false,"showFog":true,"showSkybox":false,"showFlares":true,"showImageEffects":true,"showParticleSystems":true,"showVisualEffectGraphs":true,"m_FxEnabled":true},"in2DMode":false,"pivot":{"x":0.040624991059303287,"y":-0.053749993443489078,"z":0.02750001847743988},"rotation":{"x":-0.22922778129577638,"y":-0.2613152861595154,"z":0.0640353336930275,"w":-0.9354540109634399},"size":0.7199297547340393,"orthographic":false}