{"cameraMode":{"drawMode":0,"name":"Shaded","section":"Shading Mode"},"sceneLighting":false,"audioPlay":false,"sceneViewState":{"m_AlwaysRefresh":false,"showFog":true,"showSkybox":false,"showFlares":true,"showImageEffects":true,"showParticleSystems":true,"showVisualEffectGraphs":true,"m_FxEnabled":true},"in2DMode":false,"pivot":{"x":0.09961700439453125,"y":0.16715508699417115,"z":0.16025535762310029},"rotation":{"x":0.20682963728904725,"y":0.7884234189987183,"z":-0.358071893453598,"w":0.45540937781333926},"size":0.8660253882408142,"orthographic":false}