{"cameraMode":{"drawMode":0,"name":"Shaded","section":"Shading Mode"},"sceneLighting":false,"audioPlay":false,"sceneViewState":{"m_AlwaysRefresh":false,"showFog":true,"showSkybox":false,"showFlares":true,"showImageEffects":true,"showParticleSystems":true,"showVisualEffectGraphs":true,"m_FxEnabled":true},"in2DMode":false,"pivot":{"x":540.9343872070313,"y":191.9298095703125,"z":77.8450927734375},"rotation":{"x":-0.11107993870973587,"y":0.0005935376975685358,"z":-0.00006631996802752838,"w":-0.9938116669654846},"size":411.2531433105469,"orthographic":false}